region,parent,family,mark
root,root,root,excluded
grey,root,root,excluded
CH,root,root,excluded
CTX,root,root,excluded
CTXpl,root,root,excluded
Isocortex,Isocortex,Isocortex,upper
FRP,FRP,Isocortex,bottom
FRP1,FRP,Isocortex,bottom
FRP2/3,FRP,Isocortex,bottom
FRP5,FRP,Isocortex,bottom
FRP6a,FRP,Isocortex,bottom
FRP6b,FRP,Isocortex,bottom
MO,MO,Isocortex,bottom
MO1,MO,Isocortex,bottom
MO2/3,MO,Isocortex,bottom
MO5,MO,Isocortex,bottom
MO6a,MO,Isocortex,bottom
MO6b,MO,Isocortex,bottom
MOp,MO,Isocortex,bottom
MOp1,MO,Isocortex,bottom
MOp2/3,MO,Isocortex,bottom
MOp5,MO,Isocortex,bottom
MOp6a,MO,Isocortex,bottom
MOp6b,MO,Isocortex,bottom
MOs,MO,Isocortex,bottom
MOs1,MO,Isocortex,bottom
MOs2/3,MO,Isocortex,bottom
MOs5,MO,Isocortex,bottom
MOs6a,MO,Isocortex,bottom
MOs6b,MO,Isocortex,bottom
SS,SS,Isocortex,bottom
SS1,SS,Isocortex,bottom
SS2/3,SS,Isocortex,bottom
SS4,SS,Isocortex,bottom
SS5,SS,Isocortex,bottom
SS6a,SS,Isocortex,bottom
SS6b,SS,Isocortex,bottom
SSp,SS,Isocortex,bottom
SSp1,SS,Isocortex,bottom
SSp2/3,SS,Isocortex,bottom
SSp4,SS,Isocortex,bottom
SSp5,SS,Isocortex,bottom
SSp6a,SS,Isocortex,bottom
SSp6b,SS,Isocortex,bottom
SSp-n,SS,Isocortex,bottom
SSp-n1,SS,Isocortex,bottom
SSp-n2/3,SS,Isocortex,bottom
SSp-n4,SS,Isocortex,bottom
SSp-n5,SS,Isocortex,bottom
SSp-n6a,SS,Isocortex,bottom
SSp-n6b,SS,Isocortex,bottom
SSp-bfd,SS,Isocortex,bottom
SSp-bfd1,SS,Isocortex,bottom
SSp-bfd2/3,SS,Isocortex,bottom
SSp-bfd4,SS,Isocortex,bottom
SSp-bfd5,SS,Isocortex,bottom
SSp-bfd6a,SS,Isocortex,bottom
SSp-bfd6b,SS,Isocortex,bottom
VISrll,SS,Isocortex,bottom
VISrll1,SS,Isocortex,bottom
VISrll2/3,SS,Isocortex,bottom
VISrll4,SS,Isocortex,bottom
VISrll5,SS,Isocortex,bottom
VISrll6a,SS,Isocortex,bottom
VISrll6b,SS,Isocortex,bottom
SSp-ll,SS,Isocortex,bottom
SSp-ll1,SS,Isocortex,bottom
SSp-ll2/3,SS,Isocortex,bottom
SSp-ll4,SS,Isocortex,bottom
SSp-ll5,SS,Isocortex,bottom
SSp-ll6a,SS,Isocortex,bottom
SSp-ll6b,SS,Isocortex,bottom
SSp-m,SS,Isocortex,bottom
SSp-m1,SS,Isocortex,bottom
SSp-m2/3,SS,Isocortex,bottom
SSp-m4,SS,Isocortex,bottom
SSp-m5,SS,Isocortex,bottom
SSp-m6a,SS,Isocortex,bottom
SSp-m6b,SS,Isocortex,bottom
SSp-ul,SS,Isocortex,bottom
SSp-ul1,SS,Isocortex,bottom
SSp-ul2/3,SS,Isocortex,bottom
SSp-ul4,SS,Isocortex,bottom
SSp-ul5,SS,Isocortex,bottom
SSp-ul6a,SS,Isocortex,bottom
SSp-ul6b,SS,Isocortex,bottom
SSp-tr,SS,Isocortex,bottom
SSp-tr1,SS,Isocortex,bottom
SSp-tr2/3,SS,Isocortex,bottom
SSp-tr4,SS,Isocortex,bottom
SSp-tr5,SS,Isocortex,bottom
SSp-tr6a,SS,Isocortex,bottom
SSp-tr6b,SS,Isocortex,bottom
SSp-un,SS,Isocortex,bottom
SSp-un1,SS,Isocortex,bottom
SSp-un2/3,SS,Isocortex,bottom
SSp-un4,SS,Isocortex,bottom
SSp-un5,SS,Isocortex,bottom
SSp-un6a,SS,Isocortex,bottom
SSp-un6b,SS,Isocortex,bottom
SSs,SS,Isocortex,bottom
SSs1,SS,Isocortex,bottom
SSs2/3,SS,Isocortex,bottom
SSs4,SS,Isocortex,bottom
SSs5,SS,Isocortex,bottom
SSs6a,SS,Isocortex,bottom
SSs6b,SS,Isocortex,bottom
GU,GU,Isocortex,bottom
GU1,GU,Isocortex,bottom
GU2/3,GU,Isocortex,bottom
GU4,GU,Isocortex,bottom
GU5,GU,Isocortex,bottom
GU6a,GU,Isocortex,bottom
GU6b,GU,Isocortex,bottom
VISC,VISC,Isocortex,bottom
VISC1,VISC,Isocortex,bottom
VISC2/3,VISC,Isocortex,bottom
VISC4,VISC,Isocortex,bottom
VISC5,VISC,Isocortex,bottom
VISC6a,VISC,Isocortex,bottom
VISC6b,VISC,Isocortex,bottom
AUD,AUD,Isocortex,bottom
AUDd,AUD,Isocortex,bottom
AUDd1,AUD,Isocortex,bottom
AUDd2/3,AUD,Isocortex,bottom
AUDd4,AUD,Isocortex,bottom
AUDd5,AUD,Isocortex,bottom
AUDd6a,AUD,Isocortex,bottom
AUDd6b,AUD,Isocortex,bottom
VISlla,AUD,Isocortex,bottom
VISlla1,AUD,Isocortex,bottom
VISlla2/3,AUD,Isocortex,bottom
VISlla4,AUD,Isocortex,bottom
VISlla5,AUD,Isocortex,bottom
VISlla6a,AUD,Isocortex,bottom
VISlla6b,AUD,Isocortex,bottom
AUDp,AUD,Isocortex,bottom
AUDp1,AUD,Isocortex,bottom
AUDp2/3,AUD,Isocortex,bottom
AUDp4,AUD,Isocortex,bottom
AUDp5,AUD,Isocortex,bottom
AUDp6a,AUD,Isocortex,bottom
AUDp6b,AUD,Isocortex,bottom
AUDpo,AUD,Isocortex,bottom
AUDpo1,AUD,Isocortex,bottom
AUDpo2/3,AUD,Isocortex,bottom
AUDpo4,AUD,Isocortex,bottom
AUDpo5,AUD,Isocortex,bottom
AUDpo6a,AUD,Isocortex,bottom
AUDpo6b,AUD,Isocortex,bottom
AUDv,AUD,Isocortex,bottom
AUDv1,AUD,Isocortex,bottom
AUDv2/3,AUD,Isocortex,bottom
AUDv4,AUD,Isocortex,bottom
AUDv5,AUD,Isocortex,bottom
AUDv6a,AUD,Isocortex,bottom
AUDv6b,AUD,Isocortex,bottom
VIS,VIS,Isocortex,bottom
VIS1,VIS,Isocortex,bottom
VIS2/3,VIS,Isocortex,bottom
VIS4,VIS,Isocortex,bottom
VIS5,VIS,Isocortex,bottom
VIS6a,VIS,Isocortex,bottom
VIS6b,VIS,Isocortex,bottom
VISal,VIS,Isocortex,bottom
VISal1,VIS,Isocortex,bottom
VISal2/3,VIS,Isocortex,bottom
VISal4,VIS,Isocortex,bottom
VISal5,VIS,Isocortex,bottom
VISal6a,VIS,Isocortex,bottom
VISal6b,VIS,Isocortex,bottom
VISam,VIS,Isocortex,bottom
VISam1,VIS,Isocortex,bottom
VISam2/3,VIS,Isocortex,bottom
VISam4,VIS,Isocortex,bottom
VISam5,VIS,Isocortex,bottom
VISam6a,VIS,Isocortex,bottom
VISam6b,VIS,Isocortex,bottom
VISl,VIS,Isocortex,bottom
VISl1,VIS,Isocortex,bottom
VISl2/3,VIS,Isocortex,bottom
VISl4,VIS,Isocortex,bottom
VISl5,VIS,Isocortex,bottom
VISl6a,VIS,Isocortex,bottom
VISl6b,VIS,Isocortex,bottom
VISp,VIS,Isocortex,bottom
VISp1,VIS,Isocortex,bottom
VISp2/3,VIS,Isocortex,bottom
VISp4,VIS,Isocortex,bottom
VISp5,VIS,Isocortex,bottom
VISp6a,VIS,Isocortex,bottom
VISp6b,VIS,Isocortex,bottom
VISpl,VIS,Isocortex,bottom
VISpl1,VIS,Isocortex,bottom
VISpl2/3,VIS,Isocortex,bottom
VISpl4,VIS,Isocortex,bottom
VISpl5,VIS,Isocortex,bottom
VISpl6a,VIS,Isocortex,bottom
VISpl6b,VIS,Isocortex,bottom
VISpm,VIS,Isocortex,bottom
VISpm1,VIS,Isocortex,bottom
VISpm2/3,VIS,Isocortex,bottom
VISpm4,VIS,Isocortex,bottom
VISpm5,VIS,Isocortex,bottom
VISpm6a,VIS,Isocortex,bottom
VISpm6b,VIS,Isocortex,bottom
VISli,VIS,Isocortex,bottom
VISli1,VIS,Isocortex,bottom
VISli2/3,VIS,Isocortex,bottom
VISli4,VIS,Isocortex,bottom
VISli5,VIS,Isocortex,bottom
VISli6a,VIS,Isocortex,bottom
VISli6b,VIS,Isocortex,bottom
VISpor,VIS,Isocortex,bottom
VISpor1,VIS,Isocortex,bottom
VISpor2/3,VIS,Isocortex,bottom
VISpor4,VIS,Isocortex,bottom
VISpor5,VIS,Isocortex,bottom
VISpor6a,VIS,Isocortex,bottom
VISpor6b,VIS,Isocortex,bottom
ACA,ACA,Isocortex,bottom
ACA1,ACA,Isocortex,bottom
ACA2/3,ACA,Isocortex,bottom
ACA5,ACA,Isocortex,bottom
ACA6a,ACA,Isocortex,bottom
ACA6b,ACA,Isocortex,bottom
ACAd,ACA,Isocortex,bottom
ACAd1,ACA,Isocortex,bottom
ACAd2/3,ACA,Isocortex,bottom
ACAd5,ACA,Isocortex,bottom
ACAd6a,ACA,Isocortex,bottom
ACAd6b,ACA,Isocortex,bottom
ACAv,ACA,Isocortex,bottom
ACAv1,ACA,Isocortex,bottom
ACAv2/3,ACA,Isocortex,bottom
ACAv5,ACA,Isocortex,bottom
ACAv6a,ACA,Isocortex,bottom
ACAv6b,ACA,Isocortex,bottom
PL,PL,Isocortex,bottom
PL1,PL,Isocortex,bottom
PL2,PL,Isocortex,bottom
PL2/3,PL,Isocortex,bottom
PL5,PL,Isocortex,bottom
PL6a,PL,Isocortex,bottom
PL6b,PL,Isocortex,bottom
ILA,ILA,Isocortex,bottom
ILA1,ILA,Isocortex,bottom
ILA2,ILA,Isocortex,bottom
ILA2/3,ILA,Isocortex,bottom
ILA5,ILA,Isocortex,bottom
ILA6a,ILA,Isocortex,bottom
ILA6b,ILA,Isocortex,bottom
ORB,ORB,Isocortex,bottom
ORB1,ORB,Isocortex,bottom
ORB2/3,ORB,Isocortex,bottom
ORB5,ORB,Isocortex,bottom
ORB6a,ORB,Isocortex,bottom
ORB6b,ORB,Isocortex,bottom
ORBl,ORB,Isocortex,bottom
ORBl1,ORB,Isocortex,bottom
ORBl2/3,ORB,Isocortex,bottom
ORBl5,ORB,Isocortex,bottom
ORBl6a,ORB,Isocortex,bottom
ORBl6b,ORB,Isocortex,bottom
ORBm,ORB,Isocortex,bottom
ORBm1,ORB,Isocortex,bottom
ORBm2,ORB,Isocortex,bottom
ORBm2/3,ORB,Isocortex,bottom
ORBm5,ORB,Isocortex,bottom
ORBm6a,ORB,Isocortex,bottom
ORBm6b,ORB,Isocortex,bottom
ORBv,ORB,Isocortex,bottom
ORBvl,ORB,Isocortex,bottom
ORBvl1,ORB,Isocortex,bottom
ORBvl2/3,ORB,Isocortex,bottom
ORBvl5,ORB,Isocortex,bottom
ORBvl6a,ORB,Isocortex,bottom
ORBvl6b,ORB,Isocortex,bottom
AI,AI,Isocortex,bottom
AId,AI,Isocortex,bottom
AId1,AI,Isocortex,bottom
AId2/3,AI,Isocortex,bottom
AId5,AI,Isocortex,bottom
AId6a,AI,Isocortex,bottom
AId6b,AI,Isocortex,bottom
AIp,AI,Isocortex,bottom
AIp1,AI,Isocortex,bottom
AIp2/3,AI,Isocortex,bottom
AIp5,AI,Isocortex,bottom
AIp6a,AI,Isocortex,bottom
AIp6b,AI,Isocortex,bottom
AIv,AI,Isocortex,bottom
AIv1,AI,Isocortex,bottom
AIv2/3,AI,Isocortex,bottom
AIv5,AI,Isocortex,bottom
AIv6a,AI,Isocortex,bottom
AIv6b,AI,Isocortex,bottom
RSP,RSP,Isocortex,bottom
RSPagl,RSP,Isocortex,bottom
RSPagl1,RSP,Isocortex,bottom
RSPagl2/3,RSP,Isocortex,bottom
RSPagl5,RSP,Isocortex,bottom
RSPagl6a,RSP,Isocortex,bottom
RSPagl6b,RSP,Isocortex,bottom
VISmma,RSP,Isocortex,bottom
VISmma1,RSP,Isocortex,bottom
VISmma2/3,RSP,Isocortex,bottom
VISmma4,RSP,Isocortex,bottom
VISmma5,RSP,Isocortex,bottom
VISmma6a,RSP,Isocortex,bottom
VISmma6b,RSP,Isocortex,bottom
VISmmp,RSP,Isocortex,bottom
VISmmp1,RSP,Isocortex,bottom
VISmmp2/3,RSP,Isocortex,bottom
VISmmp4,RSP,Isocortex,bottom
VISmmp5,RSP,Isocortex,bottom
VISmmp6a,RSP,Isocortex,bottom
VISmmp6b,RSP,Isocortex,bottom
VISm,RSP,Isocortex,bottom
VISm1,RSP,Isocortex,bottom
VISm2/3,RSP,Isocortex,bottom
VISm4,RSP,Isocortex,bottom
VISm5,RSP,Isocortex,bottom
VISm6a,RSP,Isocortex,bottom
VISm6b,RSP,Isocortex,bottom
RSPd,RSP,Isocortex,bottom
RSPd1,RSP,Isocortex,bottom
RSPd2/3,RSP,Isocortex,bottom
RSPd4,RSP,Isocortex,bottom
RSPd5,RSP,Isocortex,bottom
RSPd6a,RSP,Isocortex,bottom
RSPd6b,RSP,Isocortex,bottom
RSPv,RSP,Isocortex,bottom
RSPv1,RSP,Isocortex,bottom
RSPv2,RSP,Isocortex,bottom
RSPv2/3,RSP,Isocortex,bottom
RSPv5,RSP,Isocortex,bottom
RSPv6a,RSP,Isocortex,bottom
RSPv6b,RSP,Isocortex,bottom
PTLp,PTLp,Isocortex,bottom
PTLp1,PTLp,Isocortex,bottom
PTLp2/3,PTLp,Isocortex,bottom
PTLp4,PTLp,Isocortex,bottom
PTLp5,PTLp,Isocortex,bottom
PTLp6a,PTLp,Isocortex,bottom
PTLp6b,PTLp,Isocortex,bottom
VISa,PTLp,Isocortex,bottom
VISa1,PTLp,Isocortex,bottom
VISa2/3,PTLp,Isocortex,bottom
VISa4,PTLp,Isocortex,bottom
VISa5,PTLp,Isocortex,bottom
VISa6a,PTLp,Isocortex,bottom
VISa6b,PTLp,Isocortex,bottom
VISrl,PTLp,Isocortex,bottom
VISrl1,PTLp,Isocortex,bottom
VISrl2/3,PTLp,Isocortex,bottom
VISrl4,PTLp,Isocortex,bottom
VISrl5,PTLp,Isocortex,bottom
VISrl6a,PTLp,Isocortex,bottom
VISrl6b,PTLp,Isocortex,bottom
TEa,TEa,Isocortex,bottom
TEa1,TEa,Isocortex,bottom
TEa2/3,TEa,Isocortex,bottom
TEa4,TEa,Isocortex,bottom
TEa5,TEa,Isocortex,bottom
TEa6a,TEa,Isocortex,bottom
TEa6b,TEa,Isocortex,bottom
PERI,PERI,Isocortex,bottom
PERI1,PERI,Isocortex,bottom
PERI2/3,PERI,Isocortex,bottom
PERI5,PERI,Isocortex,bottom
PERI6a,PERI,Isocortex,bottom
PERI6b,PERI,Isocortex,bottom
ECT,ECT,Isocortex,bottom
ECT1,ECT,Isocortex,bottom
ECT2/3,ECT,Isocortex,bottom
ECT5,ECT,Isocortex,bottom
ECT6a,ECT,Isocortex,bottom
ECT6b,ECT,Isocortex,bottom
OLF,OLF,OLF,upper
MOB,MOB,OLF,bottom
MOBgl,MOB,OLF,bottom
MOBgr,MOB,OLF,bottom
MOBipl,MOB,OLF,bottom
MOBmi,MOB,OLF,bottom
MOBopl,MOB,OLF,bottom
AOB,AOB,OLF,bottom
AOBgl,AOB,OLF,bottom
AOBgr,AOB,OLF,bottom
AOBmi,AOB,OLF,bottom
AON,AON,OLF,bottom
AONd,AON,OLF,bottom
AONe,AON,OLF,bottom
AONl,AON,OLF,bottom
AONm,AON,OLF,bottom
AONpv,AON,OLF,bottom
AON1,AON,OLF,bottom
AON2,AON,OLF,bottom
TT,TT,OLF,bottom
TTd,TT,OLF,bottom
TTd1-4,TT,OLF,bottom
TTd1,TT,OLF,bottom
TTd2,TT,OLF,bottom
TTd3,TT,OLF,bottom
TTd4,TT,OLF,bottom
TTv,TT,OLF,bottom
TTv1-3,TT,OLF,bottom
TTv1,TT,OLF,bottom
TTv2,TT,OLF,bottom
TTv3,TT,OLF,bottom
DP,DP,OLF,bottom
DP1,DP,OLF,bottom
DP2,DP,OLF,bottom
DP2/3,DP,OLF,bottom
DP5,DP,OLF,bottom
DP6a,DP,OLF,bottom
PIR,PIR,OLF,bottom
PIR1-3,PIR,OLF,bottom
PIR1,PIR,OLF,bottom
PIR2,PIR,OLF,bottom
PIR3,PIR,OLF,bottom
NLOT,NLOT,OLF,bottom
NLOT1-3,NLOT,OLF,bottom
NLOT1,NLOT,OLF,bottom
NLOT2,NLOT,OLF,bottom
NLOT3,NLOT,OLF,bottom
COA,COA,OLF,bottom
COAa,COA,OLF,bottom
COAa1,COA,OLF,bottom
COAa2,COA,OLF,bottom
COAa3,COA,OLF,bottom
COAp,COA,OLF,bottom
COApl,COA,OLF,bottom
COApl1-2,COA,OLF,bottom
COApl1-3,COA,OLF,bottom
COApl1,COA,OLF,bottom
COApl2,COA,OLF,bottom
COApl3,COA,OLF,bottom
COApm,COA,OLF,bottom
COApm1-2,COA,OLF,bottom
COApm1-3,COA,OLF,bottom
COApm1,COA,OLF,bottom
COApm2,COA,OLF,bottom
COApm3,COA,OLF,bottom
PAA,PAA,OLF,bottom
PAA1-3,PAA,OLF,bottom
PAA1,PAA,OLF,bottom
PAA2,PAA,OLF,bottom
PAA3,PAA,OLF,bottom
TR,TR,OLF,bottom
TR1-3,TR,OLF,bottom
TR1,TR,OLF,bottom
TR2,TR,OLF,bottom
TR3,TR,OLF,bottom
HPF,HPF,HPF,upper
HIP,HPF,HPF,upper
CA,HPF,HPF,upper
CA1,CA1,HPF,bottom
CA1slm,CA1,HPF,bottom
CA1so,CA1,HPF,bottom
CA1sp,CA1,HPF,bottom
CA1sr,CA1,HPF,bottom
CA2,CA2,HPF,bottom
CA2slm,CA2,HPF,bottom
CA2so,CA2,HPF,bottom
CA2sp,CA2,HPF,bottom
CA2sr,CA2,HPF,bottom
CA3,CA3,HPF,bottom
CA3slm,CA3,HPF,bottom
CA3slu,CA3,HPF,bottom
CA3so,CA3,HPF,bottom
CA3sp,CA3,HPF,bottom
CA3sr,CA3,HPF,bottom
DG,DG,HPF,bottom
DG-mo,DG,HPF,bottom
DG-po,DG,HPF,bottom
DG-sg,DG,HPF,bottom
DG-sgz,DG,HPF,bottom
DGcr,DG,HPF,bottom
DGcr-mo,DG,HPF,bottom
DGcr-po,DG,HPF,bottom
DGcr-sg,DG,HPF,bottom
DGlb,DG,HPF,bottom
DGlb-mo,DG,HPF,bottom
DGlb-po,DG,HPF,bottom
DGlb-sg,DG,HPF,bottom
DGmb,DG,HPF,bottom
DGmb-mo,DG,HPF,bottom
DGmb-po,DG,HPF,bottom
DGmb-sg,DG,HPF,bottom
FC,HPF,HPF,upper
IG,HPF,HPF,upper
RHP,HPF,HPF,upper
ENT,ENT,HPF,bottom
ENTl,ENT,HPF,bottom
ENTl1,ENT,HPF,bottom
ENTl2,ENT,HPF,bottom
ENTl2/3,ENT,HPF,bottom
ENTl2a,ENT,HPF,bottom
ENTl2b,ENT,HPF,bottom
ENTl3,ENT,HPF,bottom
ENTl4,ENT,HPF,bottom
ENTl4/5,ENT,HPF,bottom
ENTl5,ENT,HPF,bottom
ENTl5/6,ENT,HPF,bottom
ENTl6a,ENT,HPF,bottom
ENTl6b,ENT,HPF,bottom
ENTm,ENT,HPF,bottom
ENTm1,ENT,HPF,bottom
ENTm2,ENT,HPF,bottom
ENTm2a,ENT,HPF,bottom
ENTm2b,ENT,HPF,bottom
ENTm3,ENT,HPF,bottom
ENTm4,ENT,HPF,bottom
ENTm5,ENT,HPF,bottom
ENTm5/6,ENT,HPF,bottom
ENTm6,ENT,HPF,bottom
ENTmv,ENT,HPF,bottom
ENTmv1,ENT,HPF,bottom
ENTmv2,ENT,HPF,bottom
ENTmv3,ENT,HPF,bottom
ENTmv4,ENT,HPF,bottom
ENTmv5/6,ENT,HPF,bottom
PAR,PAR,HPF,bottom
PAR1,PAR,HPF,bottom
PAR2,PAR,HPF,bottom
PAR3,PAR,HPF,bottom
POST,POST,HPF,bottom
POST1,POST,HPF,bottom
POST2,POST,HPF,bottom
POST3,POST,HPF,bottom
PRE,PRE,HPF,bottom
PRE1,PRE,HPF,bottom
PRE2,PRE,HPF,bottom
PRE3,PRE,HPF,bottom
SUB,SUB,HPF,bottom
SUBd,SUB,HPF,bottom
SUBd-m,SUB,HPF,bottom
SUBd-sp,SUB,HPF,bottom
SUBd-sr,SUB,HPF,bottom
SUBv,SUB,HPF,bottom
SUBv-m,SUB,HPF,bottom
SUBv-sp,SUB,HPF,bottom
SUBv-sr,SUB,HPF,bottom
ProS,HPF,HPF,upper
ProSd,HPF,HPF,upper
ProSd-m,HPF,HPF,upper
ProSd-sp,HPF,HPF,upper
ProSd-sr,HPF,HPF,upper
ProSv,HPF,HPF,upper
ProSv-m,HPF,HPF,upper
ProSv-sp,HPF,HPF,upper
Prosv-sr,HPF,HPF,upper
HATA,HPF,HPF,upper
APr,HPF,HPF,upper
CTXsp,CTXsp,CTXsp,upper
6b,6b,CTXsp,bottom
CLA,CLA,CTXsp,bottom
EP,EP,CTXsp,bottom
EPd,EP,CTXsp,bottom
EPv,EP,CTXsp,bottom
LA,LA,CTXsp,bottom
BLA,BLA,CTXsp,bottom
BLAa,BLA,CTXsp,bottom
BLAp,BLA,CTXsp,bottom
BLAv,BLA,CTXsp,bottom
BMA,BMA,CTXsp,bottom
BMAa,BMA,CTXsp,bottom
BMAp,BMA,CTXsp,bottom
PA,PA,CTXsp,bottom
CNU,root,root,excluded
STR,STR,STR,upper
STRd,STR,STR,upper
CP,CP,STR,bottom
STRv,STR,STR,upper
ACB,ACB,STR,bottom
FS,FS,STR,bottom
OT,OT,STR,bottom
isl,OT,STR,bottom
islm,OT,STR,bottom
OT1-3,OT,STR,bottom
OT1,OT,STR,bottom
OT2,OT,STR,bottom
OT3,OT,STR,bottom
LSS,LSS,STR,bottom
LSX,STR,STR,upper
LS,LS,STR,bottom
LSc,LS,STR,bottom
LSr,LS,STR,bottom
LSv,LS,STR,bottom
SF,SF,STR,bottom
SH,SH,STR,bottom
sAMY,STR,STR,upper
AAA,AAA,STR,bottom
BA,BA,STR,bottom
CEA,CEA,STR,bottom
CEAc,CEA,STR,bottom
CEAl,CEA,STR,bottom
CEAm,CEA,STR,bottom
IA,IA,STR,bottom
MEA,MEA,STR,bottom
MEAad,MEA,STR,bottom
MEAav,MEA,STR,bottom
MEApd,MEA,STR,bottom
MEApd-a,MEA,STR,bottom
MEApd-b,MEA,STR,bottom
MEApd-c,MEA,STR,bottom
MEApv,MEA,STR,bottom
PAL,PAL,PAL,upper
PALd,PAL,PAL,upper
GPe,GPe,PAL,bottom
GPi,GPi,PAL,bottom
PALv,PAL,PAL,upper
SI,SI,PAL,bottom
MA,MA,PAL,bottom
PALm,PAL,PAL,upper
MSC,PAL,PAL,upper
MS,MS,PAL,bottom
NDB,NDB,PAL,bottom
TRS,TRS,PAL,bottom
PALc,PAL,PAL,upper
BST,BST,PAL,bottom
BSTa,BST,PAL,bottom
BSTal,BST,PAL,bottom
BSTam,BST,PAL,bottom
BSTdm,BST,PAL,bottom
BSTfu,BST,PAL,bottom
BSTju,BST,PAL,bottom
BSTmg,BST,PAL,bottom
BSTov,BST,PAL,bottom
BSTrh,BST,PAL,bottom
BSTv,BST,PAL,bottom
BSTp,BST,PAL,bottom
BSTd,BST,PAL,bottom
BSTpr,BST,PAL,bottom
BSTif,BST,PAL,bottom
BSTtr,BST,PAL,bottom
BSTse,BST,PAL,bottom
BAC,BAC,PAL,bottom
BS,root,root,excluded
IB,root,root,excluded
TH,TH,TH,upper
DORsm,TH,TH,upper
VENT,TH,TH,upper
VAL,VAL,TH,bottom
VM,VM,TH,bottom
VP,VP,TH,bottom
VPL,VP,TH,bottom
VPLpc,VP,TH,bottom
VPM,VP,TH,bottom
VPMpc,VP,TH,bottom
PoT,PoT,TH,bottom
SPF,TH,TH,upper
SPFm,SPFm,TH,bottom
SPFp,SPFp,TH,bottom
SPA,SPA,TH,bottom
PP,PP,TH,bottom
GENd,TH,TH,upper
MG,MG,TH,bottom
MGd,MG,TH,bottom
MGv,MG,TH,bottom
MGm,MG,TH,bottom
LGd,LGd,TH,bottom
LGd-sh,LGd,TH,bottom
LGd-co,LGd,TH,bottom
LGd-ip,LGd,TH,bottom
DORpm,TH,TH,upper
LAT,TH,TH,upper
LP,LP,TH,bottom
PO,PO,TH,bottom
POL,POL,TH,bottom
SGN,SGN,TH,bottom
Eth,Eth,TH,bottom
REth,REth,TH,bottom
ATN,TH,TH,upper
AV,AV,TH,bottom
AM,AM,TH,bottom
AMd,AM,TH,bottom
AMv,AM,TH,bottom
AD,AD,TH,bottom
IAM,IAM,TH,bottom
IAD,IAD,TH,bottom
LD,LD,TH,bottom
MED,TH,TH,upper
IMD,IMD,TH,bottom
MD,MD,TH,bottom
MDc,MD,TH,bottom
MDl,MD,TH,bottom
MDm,MD,TH,bottom
SMT,SMT,TH,bottom
PR,PR,TH,bottom
MTN,TH,TH,upper
PVT,PVT,TH,bottom
PT,PT,TH,bottom
RE,RE,TH,bottom
Xi,Xi,TH,bottom
ILM,TH,TH,upper
RH,RH,TH,bottom
CM,CM,TH,bottom
PCN,PCN,TH,bottom
CL,CL,TH,bottom
PF,PF,TH,bottom
PIL,PIL,TH,bottom
RT,RT,TH,bottom
GENv,TH,TH,upper
IGL,IGL,TH,bottom
IntG,IntG,TH,bottom
LGv,LGv,TH,bottom
LGvl,LGv,TH,bottom
LGvm,LGv,TH,bottom
SubG,SubG,TH,bottom
EPI,TH,TH,upper
MH,MH,TH,bottom
LH,LH,TH,bottom
PIN,PIN,TH,bottom
HY,HY,HY,upper
PVZ,HY,HY,upper
SO,SO,HY,bottom
ASO,ASO,HY,bottom
NC,ASO,HY,bottom
PVH,PVH,HY,bottom
PVHm,PVH,HY,bottom
PVHam,PVH,HY,bottom
PVHmm,PVH,HY,bottom
PVHpm,PVH,HY,bottom
PVHpml,PVH,HY,bottom
PVHpmm,PVH,HY,bottom
PVHp,PVH,HY,bottom
PVHap,PVH,HY,bottom
PVHmpd,PVH,HY,bottom
PVHpv,PVH,HY,bottom
PVa,PVa,HY,bottom
PVi,PVi,HY,bottom
ARH,ARH,HY,bottom
PVR,HY,HY,upper
ADP,ADP,HY,bottom
AHA,AHA,HY,bottom
AVP,AVP,HY,bottom
AVPV,AVPV,HY,bottom
DMH,DMH,HY,bottom
DMHa,DMH,HY,bottom
DMHp,DMH,HY,bottom
DMHv,DMH,HY,bottom
MEPO,MEPO,HY,bottom
MPO,MPO,HY,bottom
OV,OV,HY,bottom
PD,PD,HY,bottom
PS,PS,HY,bottom
PSCH,PSCH,HY,bottom
PVp,PVp,HY,bottom
PVpo,PVpo,HY,bottom
SBPV,SBPV,HY,bottom
SCH,SCH,HY,bottom
SFO,SFO,HY,bottom
VMPO,VMPO,HY,bottom
VLPO,VLPO,HY,bottom
MEZ,HY,HY,upper
AHN,AHN,HY,bottom
AHNa,AHN,HY,bottom
AHNc,AHN,HY,bottom
AHNd,AHN,HY,bottom
AHNp,AHN,HY,bottom
MBO,MBO,HY,bottom
LM,MBO,HY,bottom
MM,MBO,HY,bottom
MMme,MBO,HY,bottom
MMl,MBO,HY,bottom
MMm,MBO,HY,bottom
MMp,MBO,HY,bottom
MMd,MBO,HY,bottom
SUM,MBO,HY,bottom
SUMl,MBO,HY,bottom
SUMm,MBO,HY,bottom
TM,MBO,HY,bottom
TMd,MBO,HY,bottom
TMv,MBO,HY,bottom
MPN,MPN,HY,bottom
MPNc,MPN,HY,bottom
MPNl,MPN,HY,bottom
MPNm,MPN,HY,bottom
PMd,PMd,HY,bottom
PMv,PMv,HY,bottom
PVHd,PVHd,HY,bottom
PVHdp,PVHd,HY,bottom
PVHf,PVHd,HY,bottom
PVHlp,PVHd,HY,bottom
PVHmpv,PVHd,HY,bottom
VMH,VMH,HY,bottom
VMHa,VMH,HY,bottom
VMHc,VMH,HY,bottom
VMHdm,VMH,HY,bottom
VMHvl,VMH,HY,bottom
PH,PH,HY,bottom
LZ,HY,HY,upper
LHA,LHA,HY,bottom
LPO,LPO,HY,bottom
PST,PST,HY,bottom
PSTN,PSTN,HY,bottom
PeF,PeF,HY,bottom
RCH,RCH,HY,bottom
STN,STN,HY,bottom
TU,TU,HY,bottom
ZI,ZI,HY,bottom
A13,ZI,HY,bottom
FF,ZI,HY,bottom
ME,ME,HY,bottom
MB,MB,MB,upper
MBsen,MB,MB,upper
SCs,SCs,MB,bottom
SCop,SCs,MB,bottom
SCsg,SCs,MB,bottom
SCzo,SCs,MB,bottom
IC,IC,MB,bottom
ICc,IC,MB,bottom
ICd,IC,MB,bottom
ICe,IC,MB,bottom
NB,NB,MB,bottom
SAG,SAG,MB,bottom
PBG,PBG,MB,bottom
MEV,MEV,MB,bottom
SCO,SCO,MB,bottom
MBmot,MB,MB,upper
SNr,SNr,MB,bottom
VTA,VTA,MB,bottom
PN,PN,MB,bottom
RR,RR,MB,bottom
MRN,MRN,MB,bottom
MRNm,MRN,MB,bottom
MRNmg,MRN,MB,bottom
MRNp,MRN,MB,bottom
SCm,SCm,MB,bottom
SCdg,SCm,MB,bottom
SCdw,SCm,MB,bottom
SCiw,SCm,MB,bottom
SCig,SCm,MB,bottom
SCig-a,SCm,MB,bottom
SCig-b,SCm,MB,bottom
SCig-c,SCm,MB,bottom
PAG,PAG,MB,bottom
PRC,PAG,MB,bottom
INC,PAG,MB,bottom
ND,PAG,MB,bottom
Su3,PAG,MB,bottom
PRT,PRT,MB,bottom
APN,PRT,MB,bottom
MPT,PRT,MB,bottom
NOT,PRT,MB,bottom
NPC,PRT,MB,bottom
OP,PRT,MB,bottom
PPT,PRT,MB,bottom
RPF,PRT,MB,bottom
InCo,InCo,MB,bottom
CUN,CUN,MB,bottom
RN,RN,MB,bottom
III,III,MB,bottom
MA3,MA3,MB,bottom
EW,EW,MB,bottom
IV,IV,MB,bottom
Pa4,Pa4,MB,bottom
VTN,VTN,MB,bottom
AT,AT,MB,bottom
LT,LT,MB,bottom
DT,DT,MB,bottom
MT,MT,MB,bottom
SNl,SNl,MB,bottom
MBsta,MB,MB,upper
SNc,SNc,MB,bottom
PPN,PPN,MB,bottom
RAmb,RAmb,MB,bottom
IF,RAmb,MB,bottom
IPN,RAmb,MB,bottom
IPR,RAmb,MB,bottom
IPC,RAmb,MB,bottom
IPA,RAmb,MB,bottom
IPL,RAmb,MB,bottom
IPI,RAmb,MB,bottom
IPDM,RAmb,MB,bottom
IPDL,RAmb,MB,bottom
IPRL,RAmb,MB,bottom
RL,RAmb,MB,bottom
CLI,RAmb,MB,bottom
DR,RAmb,MB,bottom
HB,HB,HB,upper
P,P,HB,bottom
P-sen,P,HB,bottom
NLL,P,HB,bottom
NLLd,P,HB,bottom
NLLh,P,HB,bottom
NLLv,P,HB,bottom
PSV,P,HB,bottom
PB,P,HB,bottom
KF,P,HB,bottom
PBl,P,HB,bottom
PBlc,P,HB,bottom
PBld,P,HB,bottom
PBle,P,HB,bottom
PBls,P,HB,bottom
PBlv,P,HB,bottom
PBm,P,HB,bottom
PBme,P,HB,bottom
PBmm,P,HB,bottom
PBmv,P,HB,bottom
SOC,P,HB,bottom
POR,P,HB,bottom
SOCm,P,HB,bottom
SOCl,P,HB,bottom
P-mot,P,HB,bottom
B,P,HB,bottom
DTN,P,HB,bottom
LTN,P,HB,bottom
PDTg,P,HB,bottom
PCG,P,HB,bottom
PG,P,HB,bottom
PRNc,P,HB,bottom
PRNv,P,HB,bottom
SG,P,HB,bottom
SSN,P,HB,bottom
SUT,P,HB,bottom
TRN,P,HB,bottom
V,P,HB,bottom
P5,P,HB,bottom
Acs5,P,HB,bottom
PC5,P,HB,bottom
I5,P,HB,bottom
P-sat,P,HB,bottom
CS,P,HB,bottom
CSl,P,HB,bottom
CSm,P,HB,bottom
LC,P,HB,bottom
LDT,P,HB,bottom
NI,P,HB,bottom
PRNr,P,HB,bottom
RPO,P,HB,bottom
SLC,P,HB,bottom
SLD,P,HB,bottom
MY,MY,HB,bottom
MY-sen,MY,HB,bottom
AP,MY,HB,bottom
CN,MY,HB,bottom
CNlam,MY,HB,bottom
CNspg,MY,HB,bottom
DCO,MY,HB,bottom
VCO,MY,HB,bottom
DCN,MY,HB,bottom
CU,MY,HB,bottom
GR,MY,HB,bottom
ECU,MY,HB,bottom
NTB,MY,HB,bottom
NTS,MY,HB,bottom
NTSce,MY,HB,bottom
NTSco,MY,HB,bottom
NTSge,MY,HB,bottom
NTSl,MY,HB,bottom
NTSm,MY,HB,bottom
SPVC,MY,HB,bottom
SPVI,MY,HB,bottom
SPVO,MY,HB,bottom
SPVOcdm,MY,HB,bottom
SPVOmdmd,MY,HB,bottom
SPVOmdmv,MY,HB,bottom
SPVOrdm,MY,HB,bottom
SPVOvl,MY,HB,bottom
Pa5,MY,HB,bottom
z,MY,HB,bottom
MY-mot,MY,HB,bottom
VI,MY,HB,bottom
ACVI,MY,HB,bottom
VII,MY,HB,bottom
ACVII,MY,HB,bottom
EV,MY,HB,bottom
AMB,MY,HB,bottom
AMBd,MY,HB,bottom
AMBv,MY,HB,bottom
DMX,MY,HB,bottom
ECO,MY,HB,bottom
GRN,MY,HB,bottom
ICB,MY,HB,bottom
IO,MY,HB,bottom
IRN,MY,HB,bottom
ISN,MY,HB,bottom
LIN,MY,HB,bottom
LRN,MY,HB,bottom
LRNm,MY,HB,bottom
LRNp,MY,HB,bottom
MARN,MY,HB,bottom
MDRN,MY,HB,bottom
MDRNd,MY,HB,bottom
MDRNv,MY,HB,bottom
PARN,MY,HB,bottom
PAS,MY,HB,bottom
PGRN,MY,HB,bottom
PGRNd,MY,HB,bottom
PGRNl,MY,HB,bottom
PHY,MY,HB,bottom
NIS,MY,HB,bottom
NR,MY,HB,bottom
PRP,MY,HB,bottom
PMR,MY,HB,bottom
PPY,MY,HB,bottom
PPYd,MY,HB,bottom
PPYs,MY,HB,bottom
VNC,MY,HB,bottom
LAV,MY,HB,bottom
MV,MY,HB,bottom
SPIV,MY,HB,bottom
SUV,MY,HB,bottom
x,MY,HB,bottom
XII,MY,HB,bottom
y,MY,HB,bottom
INV,MY,HB,bottom
MY-sat,MY,HB,bottom
RM,MY,HB,bottom
RPA,MY,HB,bottom
RO,MY,HB,bottom
CB,CB,CB,upper
CBX,CB,CB,upper
CBXmo,CBXmo,CB,bottom
CBXpu,CBXpu,CB,bottom
CBXgr,CBXgr,CB,bottom
VERM,CB,CB,upper
LING,LING,CB,bottom
LINGmo,LING,CB,bottom
LINGpu,LING,CB,bottom
LINGgr,LING,CB,bottom
CENT,CENT,CB,bottom
CENT2,CENT,CB,bottom
CENT2mo,CENT,CB,bottom
CENT2pu,CENT,CB,bottom
CENT2gr,CENT,CB,bottom
CENT3,CENT,CB,bottom
CENT3mo,CENT,CB,bottom
CENT3pu,CENT,CB,bottom
CENT3gr,CENT,CB,bottom
CUL,CUL,CB,bottom
CUL4,CUL,CB,bottom
CUL4mo,CUL,CB,bottom
CUL4pu,CUL,CB,bottom
CUL4gr,CUL,CB,bottom
CUL5,CUL,CB,bottom
CUL5mo,CUL,CB,bottom
CUL5pu,CUL,CB,bottom
CUL5gr,CUL,CB,bottom
"CUL4, 5",CUL,CB,bottom
"CUL4, 5mo",CUL,CB,bottom
"CUL4, 5pu",CUL,CB,bottom
"CUL4, 5gr",CUL,CB,bottom
DEC,DEC,CB,bottom
DECmo,DEC,CB,bottom
DECpu,DEC,CB,bottom
DECgr,DEC,CB,bottom
FOTU,FOTU,CB,bottom
FOTUmo,FOTU,CB,bottom
FOTUpu,FOTU,CB,bottom
FOTUgr,FOTU,CB,bottom
PYR,PYR,CB,bottom
PYRmo,PYR,CB,bottom
PYRpu,PYR,CB,bottom
PYRgr,PYR,CB,bottom
UVU,UVU,CB,bottom
UVUmo,UVU,CB,bottom
UVUpu,UVU,CB,bottom
UVUgr,UVU,CB,bottom
NOD,NOD,CB,bottom
NODmo,NOD,CB,bottom
NODpu,NOD,CB,bottom
NODgr,NOD,CB,bottom
HEM,CB,CB,upper
SIM,SIM,CB,bottom
SIMmo,SIM,CB,bottom
SIMpu,SIM,CB,bottom
SIMgr,SIM,CB,bottom
AN,AN,CB,bottom
ANcr1,AN,CB,bottom
ANcr1mo,AN,CB,bottom
ANcr1pu,AN,CB,bottom
ANcr1gr,AN,CB,bottom
ANcr2,AN,CB,bottom
ANcr2mo,AN,CB,bottom
ANcr2pu,AN,CB,bottom
ANcr2gr,AN,CB,bottom
PRM,PRM,CB,bottom
PRMmo,PRM,CB,bottom
PRMpu,PRM,CB,bottom
PRMgr,PRM,CB,bottom
COPY,COPY,CB,bottom
COPYmo,COPY,CB,bottom
COPYpu,COPY,CB,bottom
COPYgr,COPY,CB,bottom
PFL,PFL,CB,bottom
PFLmo,PFL,CB,bottom
PFLpu,PFL,CB,bottom
PFLgr,PFL,CB,bottom
FL,FL,CB,bottom
FLmo,FL,CB,bottom
FLpu,FL,CB,bottom
FLgr,FL,CB,bottom
CBN,CB,CB,upper
FN,FN,CB,bottom
IP,IP,CB,bottom
DN,DN,CB,bottom
VeCB,VeCB,CB,bottom
fiber tracts,root,root,excluded
cm,root,root,excluded
tn,root,root,excluded
von,root,root,excluded
In,root,root,excluded
onl,root,root,excluded
lotg,root,root,excluded
lot,root,root,excluded
lotd,root,root,excluded
aolt,root,root,excluded
aco,root,root,excluded
IIn,root,root,excluded
aot,root,root,excluded
bsc,root,root,excluded
csc,root,root,excluded
och,root,root,excluded
opt,root,root,excluded
ttp,root,root,excluded
IIIn,root,root,excluded
mlf,root,root,excluded
pc,root,root,excluded
IVn,root,root,excluded
IVd,root,root,excluded
VIn,root,root,excluded
Vn,root,root,excluded
moV,root,root,excluded
sV,root,root,excluded
mtV,root,root,excluded
sptV,root,root,excluded
VIIn,root,root,excluded
iVIIn,root,root,excluded
gVIIn,root,root,excluded
VIIIn,root,root,excluded
cvb,root,root,excluded
vVIIIn,root,root,excluded
cVIIIn,root,root,excluded
tb,root,root,excluded
ias,root,root,excluded
das,root,root,excluded
ll,root,root,excluded
cic,root,root,excluded
bic,root,root,excluded
IXn,root,root,excluded
Xn,root,root,excluded
ts,root,root,excluded
XIn,root,root,excluded
XIIn,root,root,excluded
vrt,root,root,excluded
drt,root,root,excluded
cett,root,root,excluded
dl,root,root,excluded
dcm,root,root,excluded
vc,root,root,excluded
fpr,root,root,excluded
dc,root,root,excluded
cuf,root,root,excluded
grf,root,root,excluded
iaf,root,root,excluded
ml,root,root,excluded
sst,root,root,excluded
sttl,root,root,excluded
sttv,root,root,excluded
scrt,root,root,excluded
sop,root,root,excluded
srp,root,root,excluded
svp,root,root,excluded
stp,root,root,excluded
shp,root,root,excluded
step,root,root,excluded
hht,root,root,excluded
cbf,root,root,excluded
cbc,root,root,excluded
cbp,root,root,excluded
scp,root,root,excluded
dscp,root,root,excluded
sct,root,root,excluded
uf,root,root,excluded
sctv,root,root,excluded
mcp,root,root,excluded
icp,root,root,excluded
sctd,root,root,excluded
cct,root,root,excluded
jrb,root,root,excluded
bct,root,root,excluded
oct,root,root,excluded
rct,root,root,excluded
tct,root,root,excluded
arb,root,root,excluded
scwm,root,root,excluded
lfbs,root,root,excluded
cc,root,root,excluded
fa,root,root,excluded
ec,root,root,excluded
ee,root,root,excluded
ccg,root,root,excluded
fp,root,root,excluded
ccr,root,root,excluded
ccb,root,root,excluded
ccs,root,root,excluded
cst,root,root,excluded
int,root,root,excluded
cpd,root,root,excluded
cte,root,root,excluded
crt,root,root,excluded
cpt,root,root,excluded
cbt,root,root,excluded
py,root,root,excluded
pyd,root,root,excluded
cstc,root,root,excluded
cstu,root,root,excluded
lfbst,root,root,excluded
em,root,root,excluded
im,root,root,excluded
mtc,root,root,excluded
tp,root,root,excluded
or,root,root,excluded
ar,root,root,excluded
eps,root,root,excluded
epsc,root,root,excluded
pap,root,root,excluded
nst,root,root,excluded
ntt,root,root,excluded
ptf,root,root,excluded
snp,root,root,excluded
stf,root,root,excluded
tsp,root,root,excluded
tspd,root,root,excluded
dtd,root,root,excluded
tspc,root,root,excluded
rust,root,root,excluded
vtd,root,root,excluded
rrt,root,root,excluded
ctb,root,root,excluded
rst,root,root,excluded
rstl,root,root,excluded
rstm,root,root,excluded
vsp,root,root,excluded
mfbs,root,root,excluded
mfbc,root,root,excluded
amc,root,root,excluded
apd,root,root,excluded
act,root,root,excluded
cing,root,root,excluded
fxs,root,root,excluded
alv,root,root,excluded
df,root,root,excluded
fi,root,root,excluded
fxprg,root,root,excluded
db,root,root,excluded
fxpo,root,root,excluded
mct,root,root,excluded
fx,root,root,excluded
hc,root,root,excluded
dhc,root,root,excluded
vhc,root,root,excluded
per,root,root,excluded
ab,root,root,excluded
lab,root,root,excluded
st,root,root,excluded
stc,root,root,excluded
mfsbshy,root,root,excluded
mfb,root,root,excluded
vlt,root,root,excluded
poc,root,root,excluded
sup,root,root,excluded
supa,root,root,excluded
supd,root,root,excluded
supv,root,root,excluded
pmx,root,root,excluded
smd,root,root,excluded
php,root,root,excluded
phpd,root,root,excluded
phpl,root,root,excluded
phpm,root,root,excluded
phpv,root,root,excluded
pvbh,root,root,excluded
mfbsma,root,root,excluded
pm,root,root,excluded
mtt,root,root,excluded
mtg,root,root,excluded
mp,root,root,excluded
mfbst,root,root,excluded
pvbt,root,root,excluded
mfbse,root,root,excluded
sm,root,root,excluded
fr,root,root,excluded
hbc,root,root,excluded
PIS,root,root,excluded
mfbsm,root,root,excluded
dlf,root,root,excluded
dtt,root,root,excluded
VS,root,root,excluded
VL,root,root,excluded
RC,root,root,excluded
SEZ,root,root,excluded
chpl,root,root,excluded
chfl,root,root,excluded
IVF,root,root,excluded
V3,root,root,excluded
AQ,root,root,excluded
V4,root,root,excluded
V4r,root,root,excluded
c,root,root,excluded
grv,root,root,excluded
grv of CTX,root,root,excluded
eg,root,root,excluded
hf,root,root,excluded
rf,root,root,excluded
ri,root,root,excluded
grv of CBX,root,root,excluded
pce,root,root,excluded
pcf,root,root,excluded
pri,root,root,excluded
psf,root,root,excluded
ppf,root,root,excluded
sec,root,root,excluded
plf,root,root,excluded
nf,root,root,excluded
sif,root,root,excluded
icf,root,root,excluded
apf,root,root,excluded
ipf,root,root,excluded
pms,root,root,excluded
pfs,root,root,excluded
IPF,root,root,excluded
retina,root,root,excluded
